{"pineapple/pineapple15.wav": [0.04698990078262487, 0.04698990078262485, 0.23580732371723953, 0.23580732371723953, 0.6702128746453269, 0.23580732371723953, 0.2358244424911313, 0.6702128747175109, 0.6700348581765737, 0.6702128746837502, 0.6702128747175107, 0.6702128747151584, 0.670212743165924, 0.6702128747175305, 0.6702128747172931, 0.6702128747175131, 0.6702128747175123, 0.6702128747175107, 0.6702128747175107, 0.6702128747073366], "orange/orange15.wav": [0.04703396098722364, 0.04703396098722385, 0.2793260167114275, 0.2793260164958181, 0.6266060615296354, 0.2793368575187221, 0.2793260164958181, 0.2793260164958181, 0.2793260175288725, 0.6266060614002492, 0.6266060611721835, 0.6264076661766447, 0.6266060615224702, 0.6266060604934935, 0.6266060615284019, 0.6266060615152188, 0.6266060615222531, 0.6266060614796433, 0.6266060101183225, 0.6266037631364636], "apple/apple15.wav": [0.04693708738268072, 0.046937087382680764, 0.25315145762286456, 0.25315145762286456, 0.6529741327822773, 0.25315145762286456, 0.6529743647291211, 0.6529743676114377, 0.25315145763153507, 0.6529743676083405, 0.6529743675708503, 0.253151457622923, 0.6529737237028491, 0.6529743676116564, 0.6529743676115696, 0.652974367611342, 0.6521361243970188, 0.6512181051848915, 0.6529743676116575, 0.65297436732698], "kiwi/kiwi15.wav": [0.04669260700384097, 0.0466926070038408, 0.8054474708171785, 0.10116731517513974, 0.10116731517513974, 0.8054474708171785, 0.8054474708171785, 0.8054474708171785, 0.8054474708171785, 0.8054474708171785, 0.8054474708171785, 0.8054474708171785, 0.8054474708171785, 0.8054474708171785, 0.8054474708171785, 0.8054474708171785, 0.8054474708171785, 0.8054474708171785, 0.8054474708171785, 0.8054474708171785], "banana/banana15.wav": [0.04698990078262487, 0.04698990078262485, 0.23580732371723953, 0.23580732371723953, 0.6702127875703361, 0.23580732371723953, 0.6702128747175107, 0.6702128747175107, 0.23580732371723953, 0.6702128747143357, 0.6702128747175107, 0.6690315567900073, 0.6702126913850108, 0.6702128747175111, 0.6702128736097664, 0.6702128747175137, 0.6702128747175107, 0.670212874717511, 0.670212874717406, 0.6702128747175121], "lime/lime15.wav": [0.04693708738268072, 0.046937087382680764, 0.25315145762286456, 0.25315145762286456, 0.25315254339927035, 0.25315145762286456, 0.2531514576229748, 0.65297402072184, 0.253151509907467, 0.6529743626378337, 0.6529743666762199, 0.6529743675851352, 0.6529743676098534, 0.652974312812329, 0.6529743673852921, 0.652974367599147, 0.6480869866271611, 0.6529743676113849, 0.6529743676116875, 0.6529739183097606], "peach/peach15.wav": [0.04669260700384097, 0.0466926070038408, 0.8054474708171785, 0.10116731517513974, 0.10116731517513974, 0.8054474708171785, 0.8054474708171785, 0.8054474708171785, 0.8054474708171785, 0.8054474708171785, 0.8054474708171785, 0.8054474708171785, 0.8054474708171785, 0.8054474708171785, 0.8054474708171785, 0.8054474708171785, 0.8054474708171785, 0.8054474708171785, 0.8054474708171785, 0.8054474708171785]}