{"pineapple/pineapple15.wav": [0.003612822378656892, 0.003612822378656892, 0.003612822378656892, 0.003612822378656892, 0.003612822378656892, 0.003612822378656892, 0.003612822378656892, 0.003612822378656892, 0.003612822378656892, 0.003612822378656892, 0.003612822378656892, 0.003612822378656892, 0.003612822378656892, 0.003612822378656892, 0.003612822378656892, 0.003612822378656892, 0.003612822378656892, 0.003612822378656892, 0.003612822378656892, 0.003612822378656892], "orange/orange15.wav": [0.01084558199139898, 0.01084558199139898, 0.01084558199139898, 0.01084558199139898, 0.01084558199139898, 0.01084558199139898, 0.01084558199139898, 0.01084558199139898, 0.01084558199139898, 0.01084558199139898, 0.01084558199139898, 0.01084558199139898, 0.01084558199139898, 0.01084558199139898, 0.01084558199139898, 0.01084558199139898, 0.01084558199139898, 0.01084558199139898, 0.01084558199139898, 0.01084558199139898], "apple/apple15.wav": [0.01081730769230635, 0.01081730769230635, 0.01081730769230635, 0.01081730769230635, 0.01081730769230635, 0.01081730769230635, 0.01081730769230635, 0.01081730769230635, 0.01081730769230635, 0.01081730769230635, 0.01081730769230635, 0.01081730769230635, 0.01081730769230635, 0.01081730769230635, 0.01081730769230635, 0.01081730769230635, 0.01081730769230635, 0.01081730769230635, 0.01081730769230635, 0.01081730769230635], "kiwi/kiwi15.wav": [0.011074528584257838, 0.011074528584257838, 0.011074528584257838, 0.011074528584257838, 0.011074528584257838, 0.011074528584257838, 0.011074528584257838, 0.011074528584257838, 0.011074528584257838, 0.011074528584257838, 0.011074528584257838, 0.011074528584257838, 0.011074528584257838, 0.011074528584257838, 0.011074528584257838, 0.011074528584257838, 0.011074528584257838, 0.011074528584257838, 0.011074528584257838, 0.011074528584257838], "banana/banana15.wav": [0.014452879224562848, 0.014452879224562848, 0.014452879224562848, 0.014452879224562848, 0.014452879224562848, 0.014452879224562848, 0.014452879224562848, 0.014452879224562848, 0.014452879224562848, 0.014452879224562848, 0.014452879224562848, 0.014452879224562848, 0.014452879224562848, 0.014452879224562848, 0.014452879224562848, 0.014452879224562848, 0.014452879224562848, 0.01445287922456285, 0.014452879224562848, 0.014452879224562848], "lime/lime15.wav": [0.0072245653229838416, 0.0072245653229838416, 0.0072245653229838416, 0.0072245653229838416, 0.0072245653229838416, 0.0072245653229838416, 0.0072245653229838416, 0.0072245653229838416, 0.0072245653229838416, 0.0072245653229838416, 0.0072245653229838416, 0.0072245653229838416, 0.0072245653229838416, 0.0072245653229838416, 0.0072245653229838416, 0.0072245653229838416, 0.0072245653229838416, 0.0072245653229838416, 0.0072245653229838416, 0.0072245653229838416], "peach/peach15.wav": [0.014423076923069966, 0.014423076923069966, 0.014423076923069966, 0.014423076923069966, 0.014423076923069966, 0.014423076923069966, 0.014423076923069966, 0.014423076923069966, 0.014423076923069966, 0.014423076923069966, 0.014423076923069966, 0.014423076923069966, 0.014423076923069966, 0.014423076923069966, 0.014423076923069966, 0.014423076923069966, 0.014423076923069966, 0.014423076923069966, 0.014423076923069966, 0.014423076923069966]}