{"pineapple/pineapple15.wav": [9.745901708904445e-31, 1.409339667162961e-25, 3.272485397138091e-30, 2.593682258246427e-31, 1.6547753524885643e-25, 8.271953516787674e-29, 1.5297357784423583e-27, 7.09305594885021e-29, 1.08503847902788e-26, 1.0342431945738469e-21, 7.879823348453607e-25, 2.0823973357584322e-22, 5.0194022677133455e-26, 1.9832335543777688e-24, 7.272010136081263e-27, 1.3848143385639472e-21, 1.839297624192052e-22, 1.918486606684355e-22, 1.169629794677834e-22, 4.6154496697637626e-21], "orange/orange15.wav": [0.003613959653344211, 0.003613959653344211, 0.003613959653344211, 0.003613959653344211, 0.003613959653344211, 0.003613959653344211, 0.003613959653344211, 0.003613959653344211, 0.003613959653344211, 0.003613959653344211, 0.003613959653344211, 0.003613959653344211, 0.003613959653344211, 0.003613959653344211, 0.003613959653344211, 0.003613959653344211, 0.003613959653344211, 0.003613959653344211, 0.003613959653344211, 0.003613959653344211], "apple/apple15.wav": [4.067302755722004e-34, 2.7561918485186526e-48, 1.1208531641592545e-30, 2.2033662576957506e-30, 2.4657792447957605e-34, 1.2226479749309923e-29, 7.725332879674245e-29, 1.2886228935784276e-23, 1.4382092701285555e-27, 1.0170064820128789e-23, 5.642752421909431e-25, 2.597758988245911e-26, 2.5408997303415277e-28, 5.811742238585532e-23, 1.1258550262566123e-22, 4.913735003680889e-25, 8.39358826411878e-28, 7.402067898284146e-24, 1.3759213660887612e-22, 1.7522312459156726e-21], "kiwi/kiwi15.wav": [1.2324791811146873e-32, 8.228426565261321e-28, 7.031965927185913e-30, 3.2138401820017977e-32, 3.2983575546736995e-29, 2.942092785618589e-32, 6.376998147072815e-32, 2.202334001144671e-26, 1.0776804711316722e-29, 7.925809751870667e-28, 5.976523142959019e-23, 4.968025560908871e-25, 1.8928418250010232e-26, 6.789327344395056e-23, 6.935945174413425e-24, 1.223822241328448e-22, 4.9524029135801426e-23, 9.267500073858718e-24, 3.0059192499895565e-22, 6.41944491111708e-26], "banana/banana15.wav": [3.6880656673912316e-35, 6.228516110864047e-42, 2.5739094761079108e-34, 5.353497303744831e-27, 6.348597692735826e-22, 8.63192087651327e-31, 6.284000336556848e-23, 2.9548273752291884e-23, 6.910900477865825e-30, 6.604901944350576e-22, 2.4557107603718856e-24, 2.6470605412827646e-25, 1.9281800327542416e-22, 1.6002171649589874e-25, 3.5724662314435424e-22, 5.585263693453941e-22, 1.4905704056027093e-22, 5.531448604381575e-23, 1.0829985044518211e-21, 2.4450036028485676e-23], "lime/lime15.wav": [0.003613959653344211, 0.003613959653344211, 0.003613959653344211, 0.003613959653344211, 0.003613959653344211, 0.003613959653344211, 0.003613959653344211, 0.003613959653344211, 0.003613959653344211, 0.003613959653344211, 0.003613959653344211, 0.003613959653344211, 0.003613959653344211, 0.003613959653344211, 0.003613959653344211, 0.003613959653344211, 0.003613959653344211, 0.003613959653344211, 0.003613959653344211, 0.003613959653344211], "peach/peach15.wav": [4.308099759370869e-56, 3.2573032176327875e-47, 6.187837122239889e-34, 2.8840778855775247e-35, 3.604884062072243e-30, 6.301345366041254e-36, 1.333517425078227e-25, 3.701301526517037e-41, 7.115601017915278e-29, 7.509095316037221e-27, 1.2480516866406714e-24, 6.133027849941655e-25, 6.681925227533036e-21, 1.4140100977774314e-23, 9.657966789273118e-23, 8.518057892176044e-25, 7.462827468872588e-25, 1.90385978186223e-23, 1.88851832121023e-22, 3.3847668933878367e-25]}