{"pineapple/pineapple15.wav": [0.0, 0.0, 3.609854830278886e-32, 5.317191171592259e-28, 4.620177562503337e-25, 5.3067985715541146e-31, 6.987229225371223e-31, 1.29013203693892e-31, 4.815612996147801e-28, 4.01219261225174e-24, 3.571986158704944e-27, 8.743653942518211e-24, 2.5627626488215696e-27, 9.590199424984385e-24, 2.244808139195828e-25, 8.855209821382977e-23, 8.385555381317676e-23, 1.797536587285012e-23, 6.629242465640032e-24, 1.4616660494229055e-23], "orange/orange15.wav": [0.0, 0.0, 3.538150744972307e-30, 3.949047985588952e-30, 9.795311360752811e-33, 1.7803424541667543e-34, 2.2949244949432467e-29, 1.6184664634274393e-28, 9.560565955467495e-28, 1.526319154429933e-22, 3.8109617194743385e-23, 1.0087074457666395e-25, 5.423606059157966e-23, 6.427839058013693e-32, 4.0250907189840845e-24, 3.5925794035109205e-22, 2.4852147288408223e-22, 4.565644241451608e-22, 1.7030209628316767e-23, 1.408737591961057e-24], "apple/apple15.wav": [0.0, 0.0, 1.5094767829386414e-42, 7.205747186729388e-33, 3.80315605794588e-37, 1.8200257469032926e-32, 7.162722390946564e-26, 6.989011454188221e-25, 2.643123219256623e-30, 5.14725384506799e-24, 7.258994659912361e-24, 1.182181547502763e-29, 2.403463175348247e-28, 1.9093043663603664e-23, 3.9469550573898576e-24, 4.099174415942531e-27, 5.300680067027757e-30, 5.676185594677552e-29, 9.8310786476325e-23, 4.841450616884177e-24], "kiwi/kiwi15.wav": [0.0, 9.171395077872552e-241, 1.0863981761049016e-33, 3.7374145827239797e-32, 3.835657046790495e-29, 1.9515057389283787e-40, 1.5318904404928205e-32, 1.3418855161281667e-27, 3.7636510026259128e-28, 1.929938332746432e-28, 8.539077727941076e-27, 3.579221550450378e-27, 2.842191193651365e-30, 7.147896629407832e-27, 5.2985509081564955e-27, 1.299863547824504e-32, 5.021986645402701e-27, 6.835784828266073e-27, 2.2183899901660823e-30, 1.0569540768587661e-27], "banana/banana15.wav": [0.0, 0.0, 2.889187668357465e-30, 1.748998488771518e-27, 7.749390290095657e-25, 1.0823215112742998e-28, 9.461855076945895e-25, 1.1999169929502728e-24, 8.840649912362588e-28, 1.2482315323867572e-23, 1.3812232264805253e-28, 3.988520743499794e-28, 1.305618208942213e-25, 1.6475277084982703e-24, 6.60546059025925e-25, 5.916062646323141e-23, 4.622274297109744e-24, 1.057948450792213e-22, 3.7208345299805385e-23, 5.542271454842363e-23], "lime/lime15.wav": [0.0, 0.0, 7.447924799871093e-41, 3.43633044683027e-31, 1.3681200456397406e-37, 2.5879814232420704e-31, 3.042102366252331e-32, 4.079199401980914e-26, 2.2682002905137888e-30, 9.99889785903025e-28, 1.0297030743683517e-28, 9.798383472040878e-25, 5.4293653410834375e-24, 6.022759261413404e-26, 8.408445362627481e-25, 2.722356113476218e-23, 2.195001055873563e-29, 3.055972585663525e-24, 6.985757950729577e-26, 4.012706133040952e-26], "peach/peach15.wav": [0.0, 9.21416267066397e-255, 2.2103439650762197e-51, 3.353966057730983e-35, 4.192125704554845e-30, 6.633670992104962e-52, 1.4862679472370509e-27, 2.533732371210537e-32, 5.187189366674584e-33, 6.964041704856585e-28, 1.834792706324379e-27, 3.797466089378218e-27, 1.7983410148928466e-30, 3.54291182741672e-27, 7.56727131764383e-27, 7.264015830399971e-33, 1.7772024835906006e-27, 5.888163950331389e-27, 5.2473153447265395e-30, 1.3956116213055208e-27]}