{"pineapple/pineapple15.wav": [1.5558406172165082e-31, 4.523895836660066e-26, 4.175854993196717e-32, 6.158089654722435e-28, 3.890265165906468e-25, 6.127973999462182e-31, 8.139955566634274e-31, 1.0878288947704534e-31, 4.046745712569146e-28, 3.376374857839067e-24, 3.0124842831166002e-27, 7.365185163809635e-24, 2.152529285290963e-27, 8.0689971427125e-24, 1.8902537363105146e-25, 7.459572934821925e-23, 7.063768978938529e-23, 1.5158897536019014e-23, 5.588332011005181e-24, 1.2302436676485157e-23], "orange/orange15.wav": [4.604057915374047e-31, 1.2170216410896031e-26, 4.0030459299386705e-30, 4.416544258053973e-30, 8.152099946336073e-33, 2.0216368080348715e-34, 2.568218673660313e-29, 1.8146537017036101e-28, 1.0801383278578267e-27, 1.2757597406571923e-22, 3.183259690288134e-23, 8.363103412925201e-26, 4.536871846435732e-23, 5.35013879018336e-32, 3.367238430633673e-24, 2.9982087954661e-22, 2.07692598113595e-22, 3.8139158712843555e-22, 1.4152068345584605e-23, 1.16670857114646e-24], "apple/apple15.wav": [3.955406373522348e-33, 3.9804226987250416e-38, 1.488087435596572e-42, 7.661175758380797e-33, 3.235258016961313e-37, 1.9347445445498403e-32, 5.967146146399384e-26, 6.085491373440889e-25, 2.872863760352638e-30, 4.442024466624762e-24, 6.1726575993790505e-24, 1.2775035650983118e-29, 2.0384159425572775e-28, 1.6622043139060962e-23, 3.4335902704454186e-24, 3.5179479935773335e-27, 4.471294052245171e-30, 4.715337192346063e-29, 8.575166600210398e-23, 4.133244279034334e-24], "kiwi/kiwi15.wav": [2.9869257706411763e-31, 1.4397245450986613e-27, 9.91707682221253e-34, 3.2138401820022225e-32, 3.2983575546741356e-29, 1.7814078489550025e-40, 1.3983700143044614e-32, 1.224928108688485e-27, 3.4356144439438967e-28, 1.7617266423675824e-28, 7.794822024275769e-27, 3.267260560785956e-27, 2.5944669789821134e-30, 6.524894465940118e-27, 4.83673531825978e-27, 1.186567038785833e-32, 4.5842760830584935e-27, 6.2399859144527835e-27, 2.0250355670237638e-30, 9.64830957569589e-28], "banana/banana15.wav": [7.782242717233808e-35, 4.272413214565248e-39, 3.34194249412956e-30, 2.0254649825808545e-27, 6.518562185239349e-25, 1.2511022997018956e-28, 7.979351316919714e-25, 1.012080365439601e-24, 1.0229333665308832e-27, 1.0494113553598504e-23, 1.165208005654503e-28, 3.352870474475457e-28, 1.095986949604858e-25, 1.3878983865468087e-24, 5.553238948475519e-25, 4.9823729278306556e-23, 3.898968505399756e-24, 8.916497056313348e-23, 3.133518797684268e-23, 4.668368223090108e-23], "lime/lime15.wav": [3.3678672618681085e-51, 7.393785011705174e-37, 7.696066494140192e-41, 3.7062254624246174e-31, 1.4561335728866968e-37, 2.7265585814453797e-31, 3.3146613883680083e-32, 3.4219841368887105e-26, 2.4489124657536623e-30, 8.508510908319096e-28, 8.707487097977439e-29, 8.451416956507278e-25, 4.701921881431542e-24, 5.0842391317493146e-26, 7.2454274632587695e-25, 2.347613770200731e-23, 1.7856625088342527e-29, 2.64044062896437e-24, 6.014614031976163e-26, 3.367790628978785e-26], "peach/peach15.wav": [4.426586686515144e-46, 4.5295176696501125e-38, 2.0176827356511474e-51, 2.884077885577906e-35, 3.60488406207272e-30, 6.0554462415157614e-52, 1.3567263301262138e-27, 2.3128912674009776e-32, 4.735072595884906e-33, 6.357062699083945e-28, 1.6748740915146024e-27, 3.466483307489956e-27, 1.641598056958269e-30, 3.2341156562848724e-27, 6.90771706039494e-27, 6.630881293200927e-33, 1.6223033137816847e-27, 5.3749584863145506e-27, 4.789960944506495e-30, 1.2739714980481415e-27]}