{"pineapple/pineapple15.wav": [1.5558469692318165e-31, 4.5237702097699e-26, 4.1754466623008306e-32, 6.158349417633338e-28, 3.8905429748229665e-25, 6.125524511768965e-31, 8.147804510301677e-31, 1.0881764161711786e-31, 4.045736859729527e-28, 3.376329022618355e-24, 3.0135376604155943e-27, 7.366350327735288e-24, 2.15197025010773e-27, 8.068409027108204e-24, 1.8904043788149142e-25, 7.460585333779545e-23, 7.064686892117548e-23, 1.5163523385750345e-23, 5.589623621640801e-24, 1.2302709550784407e-23], "orange/orange15.wav": [4.604039936802147e-31, 1.2170032991502247e-26, 4.002850177561271e-30, 4.416667312917072e-30, 8.152261039876414e-33, 2.021525469670012e-34, 2.568291818856549e-29, 1.814691744396175e-28, 1.080115879434433e-27, 1.2757393230893391e-22, 3.183213413106339e-23, 8.363261492323192e-26, 4.536816056755866e-23, 5.3503179472803e-32, 3.3671927153777966e-24, 2.998179458042351e-22, 2.0768919821826624e-22, 3.81384523219737e-22, 1.4152211997874473e-23, 1.1667465644594237e-24], "apple/apple15.wav": [3.955400723646145e-33, 3.980991737576614e-38, 1.4837047128840387e-42, 7.661833238783062e-33, 3.234013172857928e-37, 1.9349953375723815e-32, 5.95954081333289e-26, 6.0890778274657245e-25, 2.875823145161076e-30, 4.443011270103539e-24, 6.170171898752777e-24, 1.2784998660584786e-29, 2.0375148181167093e-28, 1.6631750772629772e-23, 3.4354727829648414e-24, 3.517812103822183e-27, 4.468529000442508e-30, 4.709186133119627e-29, 8.580899158264633e-23, 4.1324611337000096e-24], "kiwi/kiwi15.wav": [2.986877758068255e-31, 1.439688367197556e-27, 9.917082183433222e-34, 3.213885691759573e-32, 3.298366565528854e-29, 1.7814134099324536e-40, 1.3983715849791804e-32, 1.2249274011038811e-27, 3.435612938584132e-28, 1.7617258088029394e-28, 7.794815700292469e-27, 3.267258271345282e-27, 2.5944671363061197e-30, 6.52488929672854e-27, 4.836731685033581e-27, 1.1865680479364095e-32, 4.5842726342863194e-27, 6.239981014441133e-27, 2.0250361544475163e-30, 9.648304530392599e-28], "banana/banana15.wav": [7.782291495093917e-35, 4.273462467852353e-39, 3.341322663791161e-30, 2.0254603816372542e-27, 6.518270587788826e-25, 1.2507576842274412e-28, 7.981892809468561e-25, 1.012420440199577e-24, 1.0228065505618072e-27, 1.0492017594616341e-23, 1.1656482960062813e-28, 3.3514425222315088e-28, 1.095523077849172e-25, 1.3880886879538172e-24, 5.552270146114085e-25, 4.982821740899539e-23, 3.900359152253533e-24, 8.918440719758228e-23, 3.1338080499282176e-23, 4.668919847759042e-23], "lime/lime15.wav": [3.3679285038415727e-51, 7.394222783904651e-37, 7.68824831023462e-41, 3.7088522486951084e-31, 1.456325734448901e-37, 2.7258840790975226e-31, 3.3184666599837127e-32, 3.4188759470338587e-26, 2.4507119881622132e-30, 8.50589011880913e-28, 8.702259107046441e-29, 8.453447285981417e-25, 4.7036702530398024e-24, 5.0808271572214686e-26, 7.246920972430978e-25, 2.3481220057622146e-23, 1.7815402814961624e-29, 2.641172014653226e-24, 6.01519809648432e-26, 3.364779118219211e-26], "peach/peach15.wav": [4.427082658863878e-46, 4.5316688169278165e-38, 2.0176914171475866e-51, 2.8841498006176513e-35, 3.604901870454697e-30, 6.0554833258675876e-52, 1.3567255269332484e-27, 2.3128934408017425e-32, 4.735076363509617e-33, 6.357059081554506e-28, 1.6748730307538507e-27, 3.466480718164255e-27, 1.6415984517272426e-30, 3.2341132868172776e-27, 6.907711482954897e-27, 6.630887602381295e-33, 1.622302344943167e-27, 5.374954329758262e-27, 4.789961789388956e-30, 1.2739707640401006e-27]}